Account,Campaign,Ad Group,Keyword,Criterion Type,Max CPC,Headline 1,Headline 2,Headline 3,Headline 4,Headline 5,Description 1,Description 2,Final URL
480-618-0046,[Search] ETNYX — Coaching ML Niat Tinggi,ml-core,coaching ml,Broad,"2,500",Coaching ML Profesional,Belajar dari Pro Gamer,Tingkatkan Skill Gaming,Pelatihan Rank Efektif,Sesi Coaching Aman,Raih rank lebih tinggi dengan bimbingan dari expert gaming profesional kami. Metode terbukti dan transparan.,Tingkatkan skill bermain dengan coaching personal dari booster berpengalaman. Jadilah versi terbaik dari diri Anda!,https://etnyx.com/order
480-618-0046,[Search] ETNYX — Coaching ML Niat Tinggi,ml-core,mobile legends coaching,Broad,"2,500",Coaching ML Profesional,Belajar dari Pro Gamer,Tingkatkan Skill Gaming,Pelatihan Rank Efektif,Sesi Coaching Aman,Raih rank lebih tinggi dengan bimbingan dari expert gaming profesional kami. Metode terbukti dan transparan.,Tingkatkan skill bermain dengan coaching personal dari booster berpengalaman. Jadilah versi terbaik dari diri Anda!,https://etnyx.com/order
480-618-0046,[Search] ETNYX — Coaching ML Niat Tinggi,ml-core,coaching gaming profesional,Broad,"2,500",Coaching ML Profesional,Belajar dari Pro Gamer,Tingkatkan Skill Gaming,Pelatihan Rank Efektif,Sesi Coaching Aman,Raih rank lebih tinggi dengan bimbingan dari expert gaming profesional kami. Metode terbukti dan transparan.,Tingkatkan skill bermain dengan coaching personal dari booster berpengalaman. Jadilah versi terbaik dari diri Anda!,https://etnyx.com/order
480-618-0046,[Search] ETNYX — Coaching ML Niat Tinggi,ml-core,tingkatkan rank ml,Broad,"2,500",Coaching ML Profesional,Belajar dari Pro Gamer,Tingkatkan Skill Gaming,Pelatihan Rank Efektif,Sesi Coaching Aman,Raih rank lebih tinggi dengan bimbingan dari expert gaming profesional kami. Metode terbukti dan transparan.,Tingkatkan skill bermain dengan coaching personal dari booster berpengalaman. Jadilah versi terbaik dari diri Anda!,https://etnyx.com/order
480-618-0046,[Search] ETNYX — Coaching ML Niat Tinggi,ml-core,mentor gaming ml,Broad,"2,500",Coaching ML Profesional,Belajar dari Pro Gamer,Tingkatkan Skill Gaming,Pelatihan Rank Efektif,Sesi Coaching Aman,Raih rank lebih tinggi dengan bimbingan dari expert gaming profesional kami. Metode terbukti dan transparan.,Tingkatkan skill bermain dengan coaching personal dari booster berpengalaman. Jadilah versi terbaik dari diri Anda!,https://etnyx.com/order
480-618-0046,[Search] ETNYX — Coaching ML Niat Tinggi,pelatihan-rank,coaching peningkatan rank,Broad,"2,500",Pelatihan Rank Efektif,Paket Coaching Terjangkau,Bimbingan dari Expert,Penilaian Gaming Gratis,Lihat Opsi Coaching,Raih rank lebih tinggi dengan bimbingan dari expert gaming profesional kami. Metode terbukti dan transparan.,Tingkatkan skill bermain dengan coaching personal dari booster berpengalaman. Jadilah versi terbaik dari diri Anda!,https://etnyx.com/order
480-618-0046,[Search] ETNYX — Coaching ML Niat Tinggi,pelatihan-rank,pelatihan rank ml,Broad,"2,500",Pelatihan Rank Efektif,Paket Coaching Terjangkau,Bimbingan dari Expert,Penilaian Gaming Gratis,Lihat Opsi Coaching,Raih rank lebih tinggi dengan bimbingan dari expert gaming profesional kami. Metode terbukti dan transparan.,Tingkatkan skill bermain dengan coaching personal dari booster berpengalaman. Jadilah versi terbaik dari diri Anda!,https://etnyx.com/order
480-618-0046,[Search] ETNYX — Coaching ML Niat Tinggi,pelatihan-rank,tingkatkan permainan ranking,Broad,"2,500",Pelatihan Rank Efektif,Paket Coaching Terjangkau,Bimbingan dari Expert,Penilaian Gaming Gratis,Lihat Opsi Coaching,Raih rank lebih tinggi dengan bimbingan dari expert gaming profesional kami. Metode terbukti dan transparan.,Tingkatkan skill bermain dengan coaching personal dari booster berpengalaman. Jadilah versi terbaik dari diri Anda!,https://etnyx.com/order
480-618-0046,[Search] ETNYX — Coaching ML Niat Tinggi,pelatihan-rank,pelatihan skill gaming,Broad,"2,500",Pelatihan Rank Efektif,Paket Coaching Terjangkau,Bimbingan dari Expert,Penilaian Gaming Gratis,Lihat Opsi Coaching,Raih rank lebih tinggi dengan bimbingan dari expert gaming profesional kami. Metode terbukti dan transparan.,Tingkatkan skill bermain dengan coaching personal dari booster berpengalaman. Jadilah versi terbaik dari diri Anda!,https://etnyx.com/order
480-618-0046,[Search] ETNYX — Coaching ML Niat Tinggi,pelatihan-rank,coaching ranking,Broad,"2,500",Pelatihan Rank Efektif,Paket Coaching Terjangkau,Bimbingan dari Expert,Penilaian Gaming Gratis,Lihat Opsi Coaching,Raih rank lebih tinggi dengan bimbingan dari expert gaming profesional kami. Metode terbukti dan transparan.,Tingkatkan skill bermain dengan coaching personal dari booster berpengalaman. Jadilah versi terbaik dari diri Anda!,https://etnyx.com/order
480-618-0046,[Search] ETNYX — Coaching ML Niat Tinggi,tier-spesifik,coaching rank epic,Broad,"2,500",Coaching Tier ML,Raih Rank Mythic,Naik Ranking Game,Majukan Permainan Ranking,Support Expert 24/7,Raih rank lebih tinggi dengan bimbingan dari expert gaming profesional kami. Metode terbukti dan transparan.,Tingkatkan skill bermain dengan coaching personal dari booster berpengalaman. Jadilah versi terbaik dari diri Anda!,https://etnyx.com/order
480-618-0046,[Search] ETNYX — Coaching ML Niat Tinggi,tier-spesifik,pelatihan rank mythic,Broad,"2,500",Coaching Tier ML,Raih Rank Mythic,Naik Ranking Game,Majukan Permainan Ranking,Support Expert 24/7,Raih rank lebih tinggi dengan bimbingan dari expert gaming profesional kami. Metode terbukti dan transparan.,Tingkatkan skill bermain dengan coaching personal dari booster berpengalaman. Jadilah versi terbaik dari diri Anda!,https://etnyx.com/order
480-618-0046,[Search] ETNYX — Coaching ML Niat Tinggi,tier-spesifik,coaching tier ml,Broad,"2,500",Coaching Tier ML,Raih Rank Mythic,Naik Ranking Game,Majukan Permainan Ranking,Support Expert 24/7,Raih rank lebih tinggi dengan bimbingan dari expert gaming profesional kami. Metode terbukti dan transparan.,Tingkatkan skill bermain dengan coaching personal dari booster berpengalaman. Jadilah versi terbaik dari diri Anda!,https://etnyx.com/order
480-618-0046,[Search] ETNYX — Coaching ML Niat Tinggi,tier-spesifik,raih rank mythic,Broad,"2,500",Coaching Tier ML,Raih Rank Mythic,Naik Ranking Game,Majukan Permainan Ranking,Support Expert 24/7,Raih rank lebih tinggi dengan bimbingan dari expert gaming profesional kami. Metode terbukti dan transparan.,Tingkatkan skill bermain dengan coaching personal dari booster berpengalaman. Jadilah versi terbaik dari diri Anda!,https://etnyx.com/order
480-618-0046,[Search] ETNYX — Coaching ML Niat Tinggi,tier-spesifik,naik ranking game,Broad,"2,500",Coaching Tier ML,Raih Rank Mythic,Naik Ranking Game,Majukan Permainan Ranking,Support Expert 24/7,Raih rank lebih tinggi dengan bimbingan dari expert gaming profesional kami. Metode terbukti dan transparan.,Tingkatkan skill bermain dengan coaching personal dari booster berpengalaman. Jadilah versi terbaik dari diri Anda!,https://etnyx.com/order
480-618-0046,[Search] ETNYX — Coaching ML Niat Tinggi,duo-coaching,duo gaming coaching,Broad,"2,500",Duo Coaching Ranking,Sesi Gaming Aman,Coaching Gaming Partner,Belajar dari Pro Gamer,Mulai Training Hari Ini,Raih rank lebih tinggi dengan bimbingan dari expert gaming profesional kami. Metode terbukti dan transparan.,Tingkatkan skill bermain dengan coaching personal dari booster berpengalaman. Jadilah versi terbaik dari diri Anda!,https://etnyx.com/order
480-618-0046,[Search] ETNYX — Coaching ML Niat Tinggi,duo-coaching,sesi gaming tim,Broad,"2,500",Duo Coaching Ranking,Sesi Gaming Aman,Coaching Gaming Partner,Belajar dari Pro Gamer,Mulai Training Hari Ini,Raih rank lebih tinggi dengan bimbingan dari expert gaming profesional kami. Metode terbukti dan transparan.,Tingkatkan skill bermain dengan coaching personal dari booster berpengalaman. Jadilah versi terbaik dari diri Anda!,https://etnyx.com/order
480-618-0046,[Search] ETNYX — Coaching ML Niat Tinggi,duo-coaching,coaching gaming partner,Broad,"2,500",Duo Coaching Ranking,Sesi Gaming Aman,Coaching Gaming Partner,Belajar dari Pro Gamer,Mulai Training Hari Ini,Raih rank lebih tinggi dengan bimbingan dari expert gaming profesional kami. Metode terbukti dan transparan.,Tingkatkan skill bermain dengan coaching personal dari booster berpengalaman. Jadilah versi terbaik dari diri Anda!,https://etnyx.com/order
480-618-0046,[Search] ETNYX — Coaching ML Niat Tinggi,duo-coaching,belajar dari pro gamer,Broad,"2,500",Duo Coaching Ranking,Sesi Gaming Aman,Coaching Gaming Partner,Belajar dari Pro Gamer,Mulai Training Hari Ini,Raih rank lebih tinggi dengan bimbingan dari expert gaming profesional kami. Metode terbukti dan transparan.,Tingkatkan skill bermain dengan coaching personal dari booster berpengalaman. Jadilah versi terbaik dari diri Anda!,https://etnyx.com/order
480-618-0046,[Search] ETNYX — Coaching ML Niat Tinggi,duo-coaching,duo coaching ranking,Broad,"2,500",Duo Coaching Ranking,Sesi Gaming Aman,Coaching Gaming Partner,Belajar dari Pro Gamer,Mulai Training Hari Ini,Raih rank lebih tinggi dengan bimbingan dari expert gaming profesional kami. Metode terbukti dan transparan.,Tingkatkan skill bermain dengan coaching personal dari booster berpengalaman. Jadilah versi terbaik dari diri Anda!,https://etnyx.com/order
